<?xml version="1.0" encoding="UTF-8"?>
<project-private xmlns="http://www.netbeans.org/ns/project-private/1">
    <editor-bookmarks xmlns="http://www.netbeans.org/ns/editor-bookmarks/2" lastBookmarkId="0"/>
    <open-files xmlns="http://www.netbeans.org/ns/projectui-open-files/2">
        <group>
            <file>file:/C:/Users/Amanda/Desktop/AED-_-/UT5%20-%20ARBOLES%20GENERALES%20Y%20TRIES/UT5-PD/UT5-PD/src/com/amandaseara/github/ut5/pd7/PseudocodigosTrieNumeros</file>
            <file>file:/C:/Users/Amanda/Desktop/AED-_-/UT5%20-%20ARBOLES%20GENERALES%20Y%20TRIES/UT5-PD/UT5-PD/src/com/amandaseara/github/ut5/pd1/Pseudocodigo</file>
            <file>file:/C:/Users/Amanda/Desktop/AED-_-/UT5%20-%20ARBOLES%20GENERALES%20Y%20TRIES/UT5-PD/UT5-PD/src/com/amandaseara/github/ut5/pd3/PseudocodigoTrieLetras</file>
        </group>
    </open-files>
</project-private>
